{
  "Promotion": "CkfslMoneyCard",
  "BranchList": [
    {
      "value": "11",
      "label": "Ambawadi, Ahmedbad",
      "Id": 11,
      "Name": "Ambawadi, Ahmedbad",
      "cityMatch": 3,
      "BranchID": 11877,
      "BranchCode": "GJ0001"
    },
    {
      "value": "84",
      "label": "Annanagar, Chennai",
      "Id": 84,
      "Name": "Annanagar, Chennai",
      "cityMatch": 3,
      "BranchID": 11963,
      "BranchCode": "TN1001"
    },
    {
      "value": "12",
      "label": "Bodakdev, Ahmedabad",
      "Id": 12,
      "Name": "Bodakdev, Ahmedabad",
      "cityMatch": 3,
      "BranchID": 11880,
      "BranchCode": "GJ1003"
    },
    {
      "value": "65",
      "label": "Connaught Circus, New Delhi",
      "Id": 65,
      "Name": "Connaught Circus, New Delhi",
      "cityMatch": 3,
      "BranchID": 11867,
      "BranchCode": "DL0001"
    },
    {
      "value": "124",
      "label": "Delhi( Gurugram)",
      "Id": 124,
      "Name": "Delhi( Gurugram)",
      "cityMatch": 3,
      "BranchID": 859684,
      "BranchCode": "HR0001"
    },
    {
      "value": "18",
      "label": "Sushant Lok, Phase I,Gurgram",
      "Id": 18,
      "Name": "Sushant Lok, Phase I,Gurgram",
      "cityMatch": 3,
      "BranchID": 11893,
      "BranchCode": "HR1003"
    },
    {
      "value": "91",
      "label": " Hi-tech City, Hyderabad",
      "Id": 91,
      "Name": " Hi-tech City, Hyderabad",
      "cityMatch": 3,
      "BranchID": 11969,
      "BranchCode": "TS1001"
    },
    {
      "value": "44",
      "label": "J.B. Nagar, Andheri",
      "Id": 44,
      "Name": "J.B. Nagar, Andheri",
      "cityMatch": 1,
      "BranchID": 11912,
      "BranchCode": "MH1001"
    },
    {
      "value": "26",
      "label": "Anand Chambers, Jayanagar, Bangalore",
      "Id": 26,
      "Name": "Anand Chambers, Jayanagar, Bangalore",
      "cityMatch": 3,
      "BranchID": 11905,
      "BranchCode": "KA1004"
    },
    {
      "value": "46",
      "label": "Mahavir Nagar ,Kandivali West, Mumbai",
      "Id": 46,
      "Name": "Mahavir Nagar ,Kandivali West, Mumbai",
      "cityMatch": 1,
      "BranchID": 11921,
      "BranchCode": "MH1010"
    },
    {
      "value": "120",
      "label": "Laxmi Nagar Delhi",
      "Id": 120,
      "Name": "Laxmi Nagar Delhi",
      "cityMatch": 3,
      "BranchID": 960706,
      "BranchCode": "DL1007"
    },
    {
      "value": "25",
      "label": "Malleswaram, Bangalore",
      "Id": 25,
      "Name": "Malleswaram, Bangalore",
      "cityMatch": 3,
      "BranchID": 11907,
      "BranchCode": "KA1006"
    },
    {
      "value": "43",
      "label": "Opera House ,Charni Road, Mumbai",
      "Id": 43,
      "Name": "Opera House ,Charni Road, Mumbai",
      "cityMatch": 1,
      "BranchID": 541282,
      "BranchCode": "MH1032"
    },
    {
      "value": "67",
      "label": "Pitampura, New Delhi",
      "Id": 67,
      "Name": "Pitampura, New Delhi",
      "cityMatch": 3,
      "BranchID": 11872,
      "BranchCode": "DL1004"
    },
    {
      "value": "51",
      "label": "Prabhat Road, Pune",
      "Id": 51,
      "Name": "Prabhat Road, Pune",
      "cityMatch": 3,
      "BranchID": 11932,
      "BranchCode": "MH1021"
    },
    {
      "value": "66",
      "label": "Rajouri Garden, New Delhi",
      "Id": 66,
      "Name": "Rajouri Garden, New Delhi",
      "cityMatch": 3,
      "BranchID": 11873,
      "BranchCode": "DL1005"
    },
    {
      "value": "112",
      "label": "Little Russell Street, Kolkata",
      "Id": 112,
      "Name": "Little Russell Street, Kolkata",
      "cityMatch": 3,
      "BranchID": 11986,
      "BranchCode": "WB0001"
    },
    {
      "value": "111",
      "label": "Salt Lake City, Kolkara",
      "Id": 111,
      "Name": "Salt Lake City, Kolkara",
      "cityMatch": 3,
      "BranchID": 11990,
      "BranchCode": "WB1004"
    },
    {
      "value": "117",
      "label": "Thane",
      "Id": 117,
      "Name": "Thane",
      "cityMatch": 3,
      "BranchID": 954558,
      "BranchCode": "MH1039"
    },
    {
      "value": "55",
      "label": "Sacred Wall Mall Wanowrie, Pune",
      "Id": 55,
      "Name": "Sacred Wall Mall Wanowrie, Pune",
      "cityMatch": 3,
      "BranchID": 11938,
      "BranchCode": "MH1027"
    }
  ],
  "buyScreen": {
    "prepaidCard": true,
    "PrpaidCurrencyLists": [
      {
        "value": "USD",
        "label": "USD - United States Dollar",
        "Id": 2,
        "Name": "United States Dollar",
        "Code": "USD",
        "seq": 1
      },
      {
        "value": "GBP",
        "label": "GBP - Pound Sterling",
        "Id": 9,
        "Name": "Pound Sterling",
        "Code": "GBP",
        "seq": 2
      },
      {
        "value": "EUR",
        "label": "EUR - European Euro",
        "Id": 3,
        "Name": "European Euro",
        "Code": "EUR",
        "seq": 2
      },
      {
        "value": "CAD",
        "label": "CAD - Canadian Dollar",
        "Id": 1,
        "Name": "Canadian Dollar",
        "Code": "CAD",
        "seq": 2
      },
      {
        "value": "AUD",
        "label": "AUD - Australian Dollar",
        "Id": 4,
        "Name": "Australian Dollar",
        "Code": "AUD",
        "seq": 2
      },
      {
        "value": "SGD",
        "label": "SGD - Singapore Dollar",
        "Id": 15,
        "Name": "Singapore Dollar",
        "Code": "SGD",
        "seq": 2
      },
      {
        "value": "AED",
        "label": "AED - UAE dirham",
        "Id": 6,
        "Name": "UAE dirham",
        "Code": "AED",
        "seq": 2
      },
      {
        "value": "SAR",
        "label": "SAR - Saudi Arabian Riyal",
        "Id": 13,
        "Name": "Saudi Arabian Riyal",
        "Code": "SAR",
        "seq": 2
      },
      {
        "value": "JPY",
        "label": "JPY - Japanese Yen",
        "Id": 11,
        "Name": "Japanese Yen",
        "Code": "JPY",
        "seq": 2
      },
      {
        "value": "THB",
        "label": "THB - Thai Baht",
        "Id": 16,
        "Name": "Thai Baht",
        "Code": "THB",
        "seq": 2
      }
    ],
    "IssuerLists": [
      {
        "Id": 6,
        "BankName": "CKFSL MONEY CARD",
        "Logo": "http://172.21.203.224:8094/images/ckfsl-card.jpg",
        "CustomerCode": "CKFSLMONEYCARD"
      }
    ]
  }
}